{"assets/alert-notification.wav":["assets/alert-notification.wav"],"assets/allert_notification1.wav":["assets/allert_notification1.wav"],"assets/custom.gif":["assets/custom.gif"],"assets/info.gif":["assets/info.gif"],"assets/infoChange.gif":["assets/infoChange.gif"],"images/LOGO-RH.png":["images/LOGO-RH.png"],"images/companyBackground.jpg":["images/companyBackground.jpg"],"images/flags/fr.png":["images/flags/fr.png"],"images/flags/us.png":["images/flags/us.png"],"images/loginBackImage.jpg":["images/loginBackImage.jpg"],"images/profilimage.png":["images/profilimage.png"],"images/ytechRhBackground.jpg":["images/ytechRhBackground.jpg"],"packages/circle_flags/assets/svg/ac.svg":["packages/circle_flags/assets/svg/ac.svg"],"packages/circle_flags/assets/svg/ad.svg":["packages/circle_flags/assets/svg/ad.svg"],"packages/circle_flags/assets/svg/ae.svg":["packages/circle_flags/assets/svg/ae.svg"],"packages/circle_flags/assets/svg/af.svg":["packages/circle_flags/assets/svg/af.svg"],"packages/circle_flags/assets/svg/ag.svg":["packages/circle_flags/assets/svg/ag.svg"],"packages/circle_flags/assets/svg/ai.svg":["packages/circle_flags/assets/svg/ai.svg"],"packages/circle_flags/assets/svg/al.svg":["packages/circle_flags/assets/svg/al.svg"],"packages/circle_flags/assets/svg/am.svg":["packages/circle_flags/assets/svg/am.svg"],"packages/circle_flags/assets/svg/an.svg":["packages/circle_flags/assets/svg/an.svg"],"packages/circle_flags/assets/svg/ao.svg":["packages/circle_flags/assets/svg/ao.svg"],"packages/circle_flags/assets/svg/aq.svg":["packages/circle_flags/assets/svg/aq.svg"],"packages/circle_flags/assets/svg/ar.svg":["packages/circle_flags/assets/svg/ar.svg"],"packages/circle_flags/assets/svg/as.svg":["packages/circle_flags/assets/svg/as.svg"],"packages/circle_flags/assets/svg/at.svg":["packages/circle_flags/assets/svg/at.svg"],"packages/circle_flags/assets/svg/au.svg":["packages/circle_flags/assets/svg/au.svg"],"packages/circle_flags/assets/svg/aw.svg":["packages/circle_flags/assets/svg/aw.svg"],"packages/circle_flags/assets/svg/ax.svg":["packages/circle_flags/assets/svg/ax.svg"],"packages/circle_flags/assets/svg/az.svg":["packages/circle_flags/assets/svg/az.svg"],"packages/circle_flags/assets/svg/ba.svg":["packages/circle_flags/assets/svg/ba.svg"],"packages/circle_flags/assets/svg/bb.svg":["packages/circle_flags/assets/svg/bb.svg"],"packages/circle_flags/assets/svg/bd.svg":["packages/circle_flags/assets/svg/bd.svg"],"packages/circle_flags/assets/svg/be.svg":["packages/circle_flags/assets/svg/be.svg"],"packages/circle_flags/assets/svg/bf.svg":["packages/circle_flags/assets/svg/bf.svg"],"packages/circle_flags/assets/svg/bg.svg":["packages/circle_flags/assets/svg/bg.svg"],"packages/circle_flags/assets/svg/bh.svg":["packages/circle_flags/assets/svg/bh.svg"],"packages/circle_flags/assets/svg/bi.svg":["packages/circle_flags/assets/svg/bi.svg"],"packages/circle_flags/assets/svg/bj.svg":["packages/circle_flags/assets/svg/bj.svg"],"packages/circle_flags/assets/svg/bl.svg":["packages/circle_flags/assets/svg/bl.svg"],"packages/circle_flags/assets/svg/bm.svg":["packages/circle_flags/assets/svg/bm.svg"],"packages/circle_flags/assets/svg/bn.svg":["packages/circle_flags/assets/svg/bn.svg"],"packages/circle_flags/assets/svg/bo.svg":["packages/circle_flags/assets/svg/bo.svg"],"packages/circle_flags/assets/svg/bq-bo.svg":["packages/circle_flags/assets/svg/bq-bo.svg"],"packages/circle_flags/assets/svg/bq-sa.svg":["packages/circle_flags/assets/svg/bq-sa.svg"],"packages/circle_flags/assets/svg/bq-se.svg":["packages/circle_flags/assets/svg/bq-se.svg"],"packages/circle_flags/assets/svg/bq.svg":["packages/circle_flags/assets/svg/bq.svg"],"packages/circle_flags/assets/svg/br.svg":["packages/circle_flags/assets/svg/br.svg"],"packages/circle_flags/assets/svg/bs.svg":["packages/circle_flags/assets/svg/bs.svg"],"packages/circle_flags/assets/svg/bt.svg":["packages/circle_flags/assets/svg/bt.svg"],"packages/circle_flags/assets/svg/bv.svg":["packages/circle_flags/assets/svg/bv.svg"],"packages/circle_flags/assets/svg/bw.svg":["packages/circle_flags/assets/svg/bw.svg"],"packages/circle_flags/assets/svg/by.svg":["packages/circle_flags/assets/svg/by.svg"],"packages/circle_flags/assets/svg/bz.svg":["packages/circle_flags/assets/svg/bz.svg"],"packages/circle_flags/assets/svg/ca-bc.svg":["packages/circle_flags/assets/svg/ca-bc.svg"],"packages/circle_flags/assets/svg/ca.svg":["packages/circle_flags/assets/svg/ca.svg"],"packages/circle_flags/assets/svg/cc.svg":["packages/circle_flags/assets/svg/cc.svg"],"packages/circle_flags/assets/svg/cd.svg":["packages/circle_flags/assets/svg/cd.svg"],"packages/circle_flags/assets/svg/cf.svg":["packages/circle_flags/assets/svg/cf.svg"],"packages/circle_flags/assets/svg/cg.svg":["packages/circle_flags/assets/svg/cg.svg"],"packages/circle_flags/assets/svg/ch.svg":["packages/circle_flags/assets/svg/ch.svg"],"packages/circle_flags/assets/svg/ci.svg":["packages/circle_flags/assets/svg/ci.svg"],"packages/circle_flags/assets/svg/ck.svg":["packages/circle_flags/assets/svg/ck.svg"],"packages/circle_flags/assets/svg/cl.svg":["packages/circle_flags/assets/svg/cl.svg"],"packages/circle_flags/assets/svg/cm.svg":["packages/circle_flags/assets/svg/cm.svg"],"packages/circle_flags/assets/svg/cn.svg":["packages/circle_flags/assets/svg/cn.svg"],"packages/circle_flags/assets/svg/co.svg":["packages/circle_flags/assets/svg/co.svg"],"packages/circle_flags/assets/svg/cr.svg":["packages/circle_flags/assets/svg/cr.svg"],"packages/circle_flags/assets/svg/cu.svg":["packages/circle_flags/assets/svg/cu.svg"],"packages/circle_flags/assets/svg/cv.svg":["packages/circle_flags/assets/svg/cv.svg"],"packages/circle_flags/assets/svg/cw.svg":["packages/circle_flags/assets/svg/cw.svg"],"packages/circle_flags/assets/svg/cx.svg":["packages/circle_flags/assets/svg/cx.svg"],"packages/circle_flags/assets/svg/cy.svg":["packages/circle_flags/assets/svg/cy.svg"],"packages/circle_flags/assets/svg/cz.svg":["packages/circle_flags/assets/svg/cz.svg"],"packages/circle_flags/assets/svg/de.svg":["packages/circle_flags/assets/svg/de.svg"],"packages/circle_flags/assets/svg/dj.svg":["packages/circle_flags/assets/svg/dj.svg"],"packages/circle_flags/assets/svg/dk.svg":["packages/circle_flags/assets/svg/dk.svg"],"packages/circle_flags/assets/svg/dm.svg":["packages/circle_flags/assets/svg/dm.svg"],"packages/circle_flags/assets/svg/do.svg":["packages/circle_flags/assets/svg/do.svg"],"packages/circle_flags/assets/svg/dz.svg":["packages/circle_flags/assets/svg/dz.svg"],"packages/circle_flags/assets/svg/easter_island.svg":["packages/circle_flags/assets/svg/easter_island.svg"],"packages/circle_flags/assets/svg/ec-w.svg":["packages/circle_flags/assets/svg/ec-w.svg"],"packages/circle_flags/assets/svg/ec.svg":["packages/circle_flags/assets/svg/ec.svg"],"packages/circle_flags/assets/svg/ee.svg":["packages/circle_flags/assets/svg/ee.svg"],"packages/circle_flags/assets/svg/eg.svg":["packages/circle_flags/assets/svg/eg.svg"],"packages/circle_flags/assets/svg/eh.svg":["packages/circle_flags/assets/svg/eh.svg"],"packages/circle_flags/assets/svg/er.svg":["packages/circle_flags/assets/svg/er.svg"],"packages/circle_flags/assets/svg/es-ce.svg":["packages/circle_flags/assets/svg/es-ce.svg"],"packages/circle_flags/assets/svg/es-cn.svg":["packages/circle_flags/assets/svg/es-cn.svg"],"packages/circle_flags/assets/svg/es-ct.svg":["packages/circle_flags/assets/svg/es-ct.svg"],"packages/circle_flags/assets/svg/es-ga.svg":["packages/circle_flags/assets/svg/es-ga.svg"],"packages/circle_flags/assets/svg/es-ib.svg":["packages/circle_flags/assets/svg/es-ib.svg"],"packages/circle_flags/assets/svg/es-ml.svg":["packages/circle_flags/assets/svg/es-ml.svg"],"packages/circle_flags/assets/svg/es-pv.svg":["packages/circle_flags/assets/svg/es-pv.svg"],"packages/circle_flags/assets/svg/es-variant.svg":["packages/circle_flags/assets/svg/es-variant.svg"],"packages/circle_flags/assets/svg/es.svg":["packages/circle_flags/assets/svg/es.svg"],"packages/circle_flags/assets/svg/esperanto.svg":["packages/circle_flags/assets/svg/esperanto.svg"],"packages/circle_flags/assets/svg/et.svg":["packages/circle_flags/assets/svg/et.svg"],"packages/circle_flags/assets/svg/european_union.svg":["packages/circle_flags/assets/svg/european_union.svg"],"packages/circle_flags/assets/svg/fi.svg":["packages/circle_flags/assets/svg/fi.svg"],"packages/circle_flags/assets/svg/fj.svg":["packages/circle_flags/assets/svg/fj.svg"],"packages/circle_flags/assets/svg/fk.svg":["packages/circle_flags/assets/svg/fk.svg"],"packages/circle_flags/assets/svg/fm.svg":["packages/circle_flags/assets/svg/fm.svg"],"packages/circle_flags/assets/svg/fo.svg":["packages/circle_flags/assets/svg/fo.svg"],"packages/circle_flags/assets/svg/fr-h.svg":["packages/circle_flags/assets/svg/fr-h.svg"],"packages/circle_flags/assets/svg/fr.svg":["packages/circle_flags/assets/svg/fr.svg"],"packages/circle_flags/assets/svg/ga.svg":["packages/circle_flags/assets/svg/ga.svg"],"packages/circle_flags/assets/svg/gb-eng.svg":["packages/circle_flags/assets/svg/gb-eng.svg"],"packages/circle_flags/assets/svg/gb-ork.svg":["packages/circle_flags/assets/svg/gb-ork.svg"],"packages/circle_flags/assets/svg/gb-sct.svg":["packages/circle_flags/assets/svg/gb-sct.svg"],"packages/circle_flags/assets/svg/gb-wls.svg":["packages/circle_flags/assets/svg/gb-wls.svg"],"packages/circle_flags/assets/svg/gb.svg":["packages/circle_flags/assets/svg/gb.svg"],"packages/circle_flags/assets/svg/gd.svg":["packages/circle_flags/assets/svg/gd.svg"],"packages/circle_flags/assets/svg/ge-ab.svg":["packages/circle_flags/assets/svg/ge-ab.svg"],"packages/circle_flags/assets/svg/ge.svg":["packages/circle_flags/assets/svg/ge.svg"],"packages/circle_flags/assets/svg/gf.svg":["packages/circle_flags/assets/svg/gf.svg"],"packages/circle_flags/assets/svg/gg.svg":["packages/circle_flags/assets/svg/gg.svg"],"packages/circle_flags/assets/svg/gh.svg":["packages/circle_flags/assets/svg/gh.svg"],"packages/circle_flags/assets/svg/gi.svg":["packages/circle_flags/assets/svg/gi.svg"],"packages/circle_flags/assets/svg/gl.svg":["packages/circle_flags/assets/svg/gl.svg"],"packages/circle_flags/assets/svg/gm.svg":["packages/circle_flags/assets/svg/gm.svg"],"packages/circle_flags/assets/svg/gn.svg":["packages/circle_flags/assets/svg/gn.svg"],"packages/circle_flags/assets/svg/gp.svg":["packages/circle_flags/assets/svg/gp.svg"],"packages/circle_flags/assets/svg/gq.svg":["packages/circle_flags/assets/svg/gq.svg"],"packages/circle_flags/assets/svg/gr.svg":["packages/circle_flags/assets/svg/gr.svg"],"packages/circle_flags/assets/svg/gs.svg":["packages/circle_flags/assets/svg/gs.svg"],"packages/circle_flags/assets/svg/gt.svg":["packages/circle_flags/assets/svg/gt.svg"],"packages/circle_flags/assets/svg/gu.svg":["packages/circle_flags/assets/svg/gu.svg"],"packages/circle_flags/assets/svg/gw.svg":["packages/circle_flags/assets/svg/gw.svg"],"packages/circle_flags/assets/svg/gy.svg":["packages/circle_flags/assets/svg/gy.svg"],"packages/circle_flags/assets/svg/hausa.svg":["packages/circle_flags/assets/svg/hausa.svg"],"packages/circle_flags/assets/svg/hk.svg":["packages/circle_flags/assets/svg/hk.svg"],"packages/circle_flags/assets/svg/hm.svg":["packages/circle_flags/assets/svg/hm.svg"],"packages/circle_flags/assets/svg/hmong.svg":["packages/circle_flags/assets/svg/hmong.svg"],"packages/circle_flags/assets/svg/hn.svg":["packages/circle_flags/assets/svg/hn.svg"],"packages/circle_flags/assets/svg/hr.svg":["packages/circle_flags/assets/svg/hr.svg"],"packages/circle_flags/assets/svg/ht.svg":["packages/circle_flags/assets/svg/ht.svg"],"packages/circle_flags/assets/svg/hu.svg":["packages/circle_flags/assets/svg/hu.svg"],"packages/circle_flags/assets/svg/id.svg":["packages/circle_flags/assets/svg/id.svg"],"packages/circle_flags/assets/svg/ie.svg":["packages/circle_flags/assets/svg/ie.svg"],"packages/circle_flags/assets/svg/il.svg":["packages/circle_flags/assets/svg/il.svg"],"packages/circle_flags/assets/svg/im.svg":["packages/circle_flags/assets/svg/im.svg"],"packages/circle_flags/assets/svg/in.svg":["packages/circle_flags/assets/svg/in.svg"],"packages/circle_flags/assets/svg/io.svg":["packages/circle_flags/assets/svg/io.svg"],"packages/circle_flags/assets/svg/iq.svg":["packages/circle_flags/assets/svg/iq.svg"],"packages/circle_flags/assets/svg/ir.svg":["packages/circle_flags/assets/svg/ir.svg"],"packages/circle_flags/assets/svg/is.svg":["packages/circle_flags/assets/svg/is.svg"],"packages/circle_flags/assets/svg/it-82.svg":["packages/circle_flags/assets/svg/it-82.svg"],"packages/circle_flags/assets/svg/it-88.svg":["packages/circle_flags/assets/svg/it-88.svg"],"packages/circle_flags/assets/svg/it.svg":["packages/circle_flags/assets/svg/it.svg"],"packages/circle_flags/assets/svg/je.svg":["packages/circle_flags/assets/svg/je.svg"],"packages/circle_flags/assets/svg/jm.svg":["packages/circle_flags/assets/svg/jm.svg"],"packages/circle_flags/assets/svg/jo.svg":["packages/circle_flags/assets/svg/jo.svg"],"packages/circle_flags/assets/svg/jp.svg":["packages/circle_flags/assets/svg/jp.svg"],"packages/circle_flags/assets/svg/kannada.svg":["packages/circle_flags/assets/svg/kannada.svg"],"packages/circle_flags/assets/svg/ke.svg":["packages/circle_flags/assets/svg/ke.svg"],"packages/circle_flags/assets/svg/kg.svg":["packages/circle_flags/assets/svg/kg.svg"],"packages/circle_flags/assets/svg/kh.svg":["packages/circle_flags/assets/svg/kh.svg"],"packages/circle_flags/assets/svg/ki.svg":["packages/circle_flags/assets/svg/ki.svg"],"packages/circle_flags/assets/svg/km.svg":["packages/circle_flags/assets/svg/km.svg"],"packages/circle_flags/assets/svg/kn.svg":["packages/circle_flags/assets/svg/kn.svg"],"packages/circle_flags/assets/svg/kp.svg":["packages/circle_flags/assets/svg/kp.svg"],"packages/circle_flags/assets/svg/kr.svg":["packages/circle_flags/assets/svg/kr.svg"],"packages/circle_flags/assets/svg/kurdistan.svg":["packages/circle_flags/assets/svg/kurdistan.svg"],"packages/circle_flags/assets/svg/kw.svg":["packages/circle_flags/assets/svg/kw.svg"],"packages/circle_flags/assets/svg/ky.svg":["packages/circle_flags/assets/svg/ky.svg"],"packages/circle_flags/assets/svg/kz.svg":["packages/circle_flags/assets/svg/kz.svg"],"packages/circle_flags/assets/svg/la.svg":["packages/circle_flags/assets/svg/la.svg"],"packages/circle_flags/assets/svg/lb.svg":["packages/circle_flags/assets/svg/lb.svg"],"packages/circle_flags/assets/svg/lc.svg":["packages/circle_flags/assets/svg/lc.svg"],"packages/circle_flags/assets/svg/li.svg":["packages/circle_flags/assets/svg/li.svg"],"packages/circle_flags/assets/svg/lk.svg":["packages/circle_flags/assets/svg/lk.svg"],"packages/circle_flags/assets/svg/lr.svg":["packages/circle_flags/assets/svg/lr.svg"],"packages/circle_flags/assets/svg/ls.svg":["packages/circle_flags/assets/svg/ls.svg"],"packages/circle_flags/assets/svg/lt.svg":["packages/circle_flags/assets/svg/lt.svg"],"packages/circle_flags/assets/svg/lu.svg":["packages/circle_flags/assets/svg/lu.svg"],"packages/circle_flags/assets/svg/lv.svg":["packages/circle_flags/assets/svg/lv.svg"],"packages/circle_flags/assets/svg/ly.svg":["packages/circle_flags/assets/svg/ly.svg"],"packages/circle_flags/assets/svg/ma.svg":["packages/circle_flags/assets/svg/ma.svg"],"packages/circle_flags/assets/svg/malayali.svg":["packages/circle_flags/assets/svg/malayali.svg"],"packages/circle_flags/assets/svg/maori.svg":["packages/circle_flags/assets/svg/maori.svg"],"packages/circle_flags/assets/svg/mc.svg":["packages/circle_flags/assets/svg/mc.svg"],"packages/circle_flags/assets/svg/md.svg":["packages/circle_flags/assets/svg/md.svg"],"packages/circle_flags/assets/svg/me.svg":["packages/circle_flags/assets/svg/me.svg"],"packages/circle_flags/assets/svg/mf.svg":["packages/circle_flags/assets/svg/mf.svg"],"packages/circle_flags/assets/svg/mg.svg":["packages/circle_flags/assets/svg/mg.svg"],"packages/circle_flags/assets/svg/mh.svg":["packages/circle_flags/assets/svg/mh.svg"],"packages/circle_flags/assets/svg/mk.svg":["packages/circle_flags/assets/svg/mk.svg"],"packages/circle_flags/assets/svg/ml.svg":["packages/circle_flags/assets/svg/ml.svg"],"packages/circle_flags/assets/svg/mm.svg":["packages/circle_flags/assets/svg/mm.svg"],"packages/circle_flags/assets/svg/mn.svg":["packages/circle_flags/assets/svg/mn.svg"],"packages/circle_flags/assets/svg/mo.svg":["packages/circle_flags/assets/svg/mo.svg"],"packages/circle_flags/assets/svg/mp.svg":["packages/circle_flags/assets/svg/mp.svg"],"packages/circle_flags/assets/svg/mq.svg":["packages/circle_flags/assets/svg/mq.svg"],"packages/circle_flags/assets/svg/mr.svg":["packages/circle_flags/assets/svg/mr.svg"],"packages/circle_flags/assets/svg/ms.svg":["packages/circle_flags/assets/svg/ms.svg"],"packages/circle_flags/assets/svg/mt.svg":["packages/circle_flags/assets/svg/mt.svg"],"packages/circle_flags/assets/svg/mu.svg":["packages/circle_flags/assets/svg/mu.svg"],"packages/circle_flags/assets/svg/mv.svg":["packages/circle_flags/assets/svg/mv.svg"],"packages/circle_flags/assets/svg/mw.svg":["packages/circle_flags/assets/svg/mw.svg"],"packages/circle_flags/assets/svg/mx.svg":["packages/circle_flags/assets/svg/mx.svg"],"packages/circle_flags/assets/svg/my.svg":["packages/circle_flags/assets/svg/my.svg"],"packages/circle_flags/assets/svg/mz.svg":["packages/circle_flags/assets/svg/mz.svg"],"packages/circle_flags/assets/svg/na.svg":["packages/circle_flags/assets/svg/na.svg"],"packages/circle_flags/assets/svg/nato.svg":["packages/circle_flags/assets/svg/nato.svg"],"packages/circle_flags/assets/svg/nc.svg":["packages/circle_flags/assets/svg/nc.svg"],"packages/circle_flags/assets/svg/ne.svg":["packages/circle_flags/assets/svg/ne.svg"],"packages/circle_flags/assets/svg/nf.svg":["packages/circle_flags/assets/svg/nf.svg"],"packages/circle_flags/assets/svg/ng.svg":["packages/circle_flags/assets/svg/ng.svg"],"packages/circle_flags/assets/svg/ni.svg":["packages/circle_flags/assets/svg/ni.svg"],"packages/circle_flags/assets/svg/nl.svg":["packages/circle_flags/assets/svg/nl.svg"],"packages/circle_flags/assets/svg/no.svg":["packages/circle_flags/assets/svg/no.svg"],"packages/circle_flags/assets/svg/northern_cyprus.svg":["packages/circle_flags/assets/svg/northern_cyprus.svg"],"packages/circle_flags/assets/svg/np.svg":["packages/circle_flags/assets/svg/np.svg"],"packages/circle_flags/assets/svg/nr.svg":["packages/circle_flags/assets/svg/nr.svg"],"packages/circle_flags/assets/svg/nu.svg":["packages/circle_flags/assets/svg/nu.svg"],"packages/circle_flags/assets/svg/nz.svg":["packages/circle_flags/assets/svg/nz.svg"],"packages/circle_flags/assets/svg/om.svg":["packages/circle_flags/assets/svg/om.svg"],"packages/circle_flags/assets/svg/pa.svg":["packages/circle_flags/assets/svg/pa.svg"],"packages/circle_flags/assets/svg/pe.svg":["packages/circle_flags/assets/svg/pe.svg"],"packages/circle_flags/assets/svg/pf.svg":["packages/circle_flags/assets/svg/pf.svg"],"packages/circle_flags/assets/svg/pg.svg":["packages/circle_flags/assets/svg/pg.svg"],"packages/circle_flags/assets/svg/ph.svg":["packages/circle_flags/assets/svg/ph.svg"],"packages/circle_flags/assets/svg/pk.svg":["packages/circle_flags/assets/svg/pk.svg"],"packages/circle_flags/assets/svg/pl.svg":["packages/circle_flags/assets/svg/pl.svg"],"packages/circle_flags/assets/svg/pm.svg":["packages/circle_flags/assets/svg/pm.svg"],"packages/circle_flags/assets/svg/pn.svg":["packages/circle_flags/assets/svg/pn.svg"],"packages/circle_flags/assets/svg/pr.svg":["packages/circle_flags/assets/svg/pr.svg"],"packages/circle_flags/assets/svg/ps.svg":["packages/circle_flags/assets/svg/ps.svg"],"packages/circle_flags/assets/svg/pt-20.svg":["packages/circle_flags/assets/svg/pt-20.svg"],"packages/circle_flags/assets/svg/pt-30.svg":["packages/circle_flags/assets/svg/pt-30.svg"],"packages/circle_flags/assets/svg/pt.svg":["packages/circle_flags/assets/svg/pt.svg"],"packages/circle_flags/assets/svg/pw.svg":["packages/circle_flags/assets/svg/pw.svg"],"packages/circle_flags/assets/svg/py.svg":["packages/circle_flags/assets/svg/py.svg"],"packages/circle_flags/assets/svg/qa.svg":["packages/circle_flags/assets/svg/qa.svg"],"packages/circle_flags/assets/svg/re.svg":["packages/circle_flags/assets/svg/re.svg"],"packages/circle_flags/assets/svg/ro.svg":["packages/circle_flags/assets/svg/ro.svg"],"packages/circle_flags/assets/svg/rs.svg":["packages/circle_flags/assets/svg/rs.svg"],"packages/circle_flags/assets/svg/ru.svg":["packages/circle_flags/assets/svg/ru.svg"],"packages/circle_flags/assets/svg/rw.svg":["packages/circle_flags/assets/svg/rw.svg"],"packages/circle_flags/assets/svg/sa.svg":["packages/circle_flags/assets/svg/sa.svg"],"packages/circle_flags/assets/svg/sb.svg":["packages/circle_flags/assets/svg/sb.svg"],"packages/circle_flags/assets/svg/sc.svg":["packages/circle_flags/assets/svg/sc.svg"],"packages/circle_flags/assets/svg/sd.svg":["packages/circle_flags/assets/svg/sd.svg"],"packages/circle_flags/assets/svg/se.svg":["packages/circle_flags/assets/svg/se.svg"],"packages/circle_flags/assets/svg/sg.svg":["packages/circle_flags/assets/svg/sg.svg"],"packages/circle_flags/assets/svg/sh-ac.svg":["packages/circle_flags/assets/svg/sh-ac.svg"],"packages/circle_flags/assets/svg/sh-hl.svg":["packages/circle_flags/assets/svg/sh-hl.svg"],"packages/circle_flags/assets/svg/sh-ta.svg":["packages/circle_flags/assets/svg/sh-ta.svg"],"packages/circle_flags/assets/svg/sh.svg":["packages/circle_flags/assets/svg/sh.svg"],"packages/circle_flags/assets/svg/si.svg":["packages/circle_flags/assets/svg/si.svg"],"packages/circle_flags/assets/svg/sindh.svg":["packages/circle_flags/assets/svg/sindh.svg"],"packages/circle_flags/assets/svg/sj.svg":["packages/circle_flags/assets/svg/sj.svg"],"packages/circle_flags/assets/svg/sk.svg":["packages/circle_flags/assets/svg/sk.svg"],"packages/circle_flags/assets/svg/sl.svg":["packages/circle_flags/assets/svg/sl.svg"],"packages/circle_flags/assets/svg/sm.svg":["packages/circle_flags/assets/svg/sm.svg"],"packages/circle_flags/assets/svg/sn.svg":["packages/circle_flags/assets/svg/sn.svg"],"packages/circle_flags/assets/svg/so.svg":["packages/circle_flags/assets/svg/so.svg"],"packages/circle_flags/assets/svg/somaliland.svg":["packages/circle_flags/assets/svg/somaliland.svg"],"packages/circle_flags/assets/svg/south_ossetia.svg":["packages/circle_flags/assets/svg/south_ossetia.svg"],"packages/circle_flags/assets/svg/sr.svg":["packages/circle_flags/assets/svg/sr.svg"],"packages/circle_flags/assets/svg/ss.svg":["packages/circle_flags/assets/svg/ss.svg"],"packages/circle_flags/assets/svg/st.svg":["packages/circle_flags/assets/svg/st.svg"],"packages/circle_flags/assets/svg/sv.svg":["packages/circle_flags/assets/svg/sv.svg"],"packages/circle_flags/assets/svg/sx.svg":["packages/circle_flags/assets/svg/sx.svg"],"packages/circle_flags/assets/svg/sy.svg":["packages/circle_flags/assets/svg/sy.svg"],"packages/circle_flags/assets/svg/sz.svg":["packages/circle_flags/assets/svg/sz.svg"],"packages/circle_flags/assets/svg/ta.svg":["packages/circle_flags/assets/svg/ta.svg"],"packages/circle_flags/assets/svg/tc.svg":["packages/circle_flags/assets/svg/tc.svg"],"packages/circle_flags/assets/svg/td.svg":["packages/circle_flags/assets/svg/td.svg"],"packages/circle_flags/assets/svg/tf.svg":["packages/circle_flags/assets/svg/tf.svg"],"packages/circle_flags/assets/svg/tg.svg":["packages/circle_flags/assets/svg/tg.svg"],"packages/circle_flags/assets/svg/th.svg":["packages/circle_flags/assets/svg/th.svg"],"packages/circle_flags/assets/svg/tibet.svg":["packages/circle_flags/assets/svg/tibet.svg"],"packages/circle_flags/assets/svg/tj.svg":["packages/circle_flags/assets/svg/tj.svg"],"packages/circle_flags/assets/svg/tk.svg":["packages/circle_flags/assets/svg/tk.svg"],"packages/circle_flags/assets/svg/tl.svg":["packages/circle_flags/assets/svg/tl.svg"],"packages/circle_flags/assets/svg/tm.svg":["packages/circle_flags/assets/svg/tm.svg"],"packages/circle_flags/assets/svg/tn.svg":["packages/circle_flags/assets/svg/tn.svg"],"packages/circle_flags/assets/svg/to.svg":["packages/circle_flags/assets/svg/to.svg"],"packages/circle_flags/assets/svg/tr.svg":["packages/circle_flags/assets/svg/tr.svg"],"packages/circle_flags/assets/svg/transnistria.svg":["packages/circle_flags/assets/svg/transnistria.svg"],"packages/circle_flags/assets/svg/tt.svg":["packages/circle_flags/assets/svg/tt.svg"],"packages/circle_flags/assets/svg/tv.svg":["packages/circle_flags/assets/svg/tv.svg"],"packages/circle_flags/assets/svg/tw.svg":["packages/circle_flags/assets/svg/tw.svg"],"packages/circle_flags/assets/svg/tz.svg":["packages/circle_flags/assets/svg/tz.svg"],"packages/circle_flags/assets/svg/ua.svg":["packages/circle_flags/assets/svg/ua.svg"],"packages/circle_flags/assets/svg/ug.svg":["packages/circle_flags/assets/svg/ug.svg"],"packages/circle_flags/assets/svg/um.svg":["packages/circle_flags/assets/svg/um.svg"],"packages/circle_flags/assets/svg/united_nations.svg":["packages/circle_flags/assets/svg/united_nations.svg"],"packages/circle_flags/assets/svg/us-hi.svg":["packages/circle_flags/assets/svg/us-hi.svg"],"packages/circle_flags/assets/svg/us.svg":["packages/circle_flags/assets/svg/us.svg"],"packages/circle_flags/assets/svg/uy.svg":["packages/circle_flags/assets/svg/uy.svg"],"packages/circle_flags/assets/svg/uz.svg":["packages/circle_flags/assets/svg/uz.svg"],"packages/circle_flags/assets/svg/va.svg":["packages/circle_flags/assets/svg/va.svg"],"packages/circle_flags/assets/svg/vc.svg":["packages/circle_flags/assets/svg/vc.svg"],"packages/circle_flags/assets/svg/ve.svg":["packages/circle_flags/assets/svg/ve.svg"],"packages/circle_flags/assets/svg/vg.svg":["packages/circle_flags/assets/svg/vg.svg"],"packages/circle_flags/assets/svg/vi.svg":["packages/circle_flags/assets/svg/vi.svg"],"packages/circle_flags/assets/svg/vn.svg":["packages/circle_flags/assets/svg/vn.svg"],"packages/circle_flags/assets/svg/vu.svg":["packages/circle_flags/assets/svg/vu.svg"],"packages/circle_flags/assets/svg/wf.svg":["packages/circle_flags/assets/svg/wf.svg"],"packages/circle_flags/assets/svg/ws.svg":["packages/circle_flags/assets/svg/ws.svg"],"packages/circle_flags/assets/svg/xk.svg":["packages/circle_flags/assets/svg/xk.svg"],"packages/circle_flags/assets/svg/xx.svg":["packages/circle_flags/assets/svg/xx.svg"],"packages/circle_flags/assets/svg/ye.svg":["packages/circle_flags/assets/svg/ye.svg"],"packages/circle_flags/assets/svg/yiddish.svg":["packages/circle_flags/assets/svg/yiddish.svg"],"packages/circle_flags/assets/svg/yt.svg":["packages/circle_flags/assets/svg/yt.svg"],"packages/circle_flags/assets/svg/za.svg":["packages/circle_flags/assets/svg/za.svg"],"packages/circle_flags/assets/svg/zm.svg":["packages/circle_flags/assets/svg/zm.svg"],"packages/circle_flags/assets/svg/zw.svg":["packages/circle_flags/assets/svg/zw.svg"],"packages/cupertino_icons/assets/CupertinoIcons.ttf":["packages/cupertino_icons/assets/CupertinoIcons.ttf"],"packages/flutter_tabler_icons/assets/fonts/tabler-icons.ttf":["packages/flutter_tabler_icons/assets/fonts/tabler-icons.ttf"],"packages/quickalert/assets/confirm.gif":["packages/quickalert/assets/confirm.gif"],"packages/quickalert/assets/error.gif":["packages/quickalert/assets/error.gif"],"packages/quickalert/assets/info.gif":["packages/quickalert/assets/info.gif"],"packages/quickalert/assets/loading.gif":["packages/quickalert/assets/loading.gif"],"packages/quickalert/assets/success.gif":["packages/quickalert/assets/success.gif"],"packages/quickalert/assets/warning.gif":["packages/quickalert/assets/warning.gif"],"packages/syncfusion_flutter_datagrid/assets/font/FilterIcon.ttf":["packages/syncfusion_flutter_datagrid/assets/font/FilterIcon.ttf"],"packages/syncfusion_flutter_datagrid/assets/font/UnsortIcon.ttf":["packages/syncfusion_flutter_datagrid/assets/font/UnsortIcon.ttf"]}